vin,registration_number,brand,model,manufacture_year,owner_id
3N1AB6AP4BL929940,GM60SY2351,Lexus,Ford Mustang,2005,138
1G6DM56T350468741,VF41IY3886,Hyundai,Subaru Outback,2011,362
KNADH4A38B6874586,AA49CG1627,BMW,BMW 3 Series,2011,5
1GYS3RKJ7FR968878,KR09XW1228,BMW,Honda Civic,2005,396
WBADN63463G029628,ZH73CO5617,Chrysler,Jeep Wrangler,1997,389
WVGEG9BP0DD370245,JS09KK1519,Toyota,Honda Civic,2004,282
2FMHK6CC1AB503079,DD25SI2192,BMW,Audi A4,2007,205
KNAFT4A2XD5825526,NE56IE5764,Tesla,Toyota Camry,2005,361
5FNRL3H23AB371386,OW68IM5628,Honda,Chevrolet Silverado,1981,145
1B3CB5HA7AD352926,UR25NZ5245,Tesla,BMW 3 Series,1987,59
WVGAV7AX8FW016538,AJ74OD4407,GMC,Toyota Camry,1979,312
4JGDF2EE3DA545363,YM80LU0716,Subaru,BMW 3 Series,1997,97
WBAPH57599N527697,GD01MN3466,Lexus,Honda Civic,2002,358
WAUBNAFB5BN855160,QQ19QR9570,Honda,Chevrolet Silverado,2008,48
WAUSFBFL5AA705275,PI36ZQ2317,Hyundai,Volkswagen Golf,1992,179
3C4PDCAB1ET970826,JD86UG2201,Chrysler,Volkswagen Golf,2009,14
5TDDK3DC0BS845738,UX29BP0732,Mercedes-Benz,Ford Mustang,1984,248
JN1AY1AP7BM158669,IT74UN4602,Mazda,Mercedes-Benz C-Class,2003,15
WUARU78E27N335801,DU77SJ7182,BMW,Subaru Outback,2004,55
19UYA42761A836104,OF63YW2248,Volvo,Toyota Camry,2000,391
1FTSX2A5XAE191308,FP98DS8993,Volvo,Toyota Camry,2009,163
2C4RDGDG3CR760235,WJ81NL8677,Tesla,Ford Mustang,1998,199
WBA5A7C53FD270681,ZQ86PY3354,Ford,Toyota Camry,1992,340
WAUHF98P87A969778,II13QY7975,Subaru,Honda Civic,2009,20
YV4952CZ9E1784143,SE55SQ5052,Volkswagen,Chevrolet Silverado,1985,342
1C4RDJDG2DC256167,YT44AX3357,GMC,Toyota Camry,2006,252
1HGCP2F33AA943891,IM46GL9849,Cadillac,Chevrolet Silverado,1998,145
2G4WC552X71558294,LZ56DL8625,Toyota,BMW 3 Series,2001,156
WAULT54B62N949939,AS91IZ3854,Mercedes-Benz,Mercedes-Benz C-Class,2005,202
1G6DJ577790190264,TV02TW1355,Cadillac,Mercedes-Benz C-Class,1994,372
3VW517AT6EM652613,UC56FI2222,Mazda,Honda Civic,2007,294
3C3CFFDR5ET743873,VX89UN6311,Cadillac,BMW 3 Series,2002,188
WAULT68EX3A460866,FK86BG8693,GMC,Volkswagen Golf,2012,240
WAUGFAFC5FN530042,FA78SA2826,Chevrolet,BMW 3 Series,2008,130
NM0KS9BNXCT833966,FQ00LT9124,Mazda,Honda Civic,2007,259
1FTWX3D56AE755765,WD85LZ9638,Nissan,BMW 3 Series,1988,371
19UUA75557A540123,JH12LP0085,Jeep,Toyota Camry,1998,232
5YMGY0C54D0828130,KG89ZP8710,Kia,Chevrolet Silverado,2009,254
1G6DU6EV9A0951525,SL94QW1940,Ford,BMW 3 Series,2011,295
3N1CE2CP1FL761590,EE52UR1738,Nissan,Honda Civic,2012,74
SCFFDCCD4BG844777,WD64PF2100,Hyundai,Ford Mustang,1988,400
WAUVT68E43A957436,NW43OI2673,Mazda,Chevrolet Silverado,2011,181
5N1BA0NCXFN233819,LL94ND9578,Tesla,BMW 3 Series,1995,200
SALSF2D43AA668816,SS16MU2015,Audi,Mercedes-Benz C-Class,2005,161
WBA6A0C55FD881193,AE68NL4247,GMC,Mercedes-Benz C-Class,1993,380
WUARL48H99K227367,PL08FS6978,Toyota,Chevrolet Silverado,2001,2
4JGBB2FB9AA154320,OJ25ZB8850,Mazda,Ford Mustang,2000,304
1N6BF0KX2FN509839,LG11ML7404,Mercedes-Benz,Jeep Wrangler,1996,346
JH4CL95885C225858,CW54UE5959,Ford,Subaru Outback,1999,191
JM3KE2BE5D0876106,CH07NY1629,Volkswagen,Toyota Camry,2007,190
3VW1K7AJ5BM476479,JC39CV3717,Honda,Mercedes-Benz C-Class,2010,175
SCBLC47J98C019461,MI57VN3491,Volkswagen,Honda Civic,2007,210
WBAEJ13451A497210,ZR91TL4602,Kia,Mercedes-Benz C-Class,2000,63
5TDBKRFH6FS930799,GS11EF3521,Subaru,Ford Mustang,1995,79
5N1AN0NW0FN742098,NZ60NE6398,Nissan,Honda Civic,2012,208
1G6DC8E38E0629526,GX51YD7974,Mercedes-Benz,Subaru Outback,2005,372
1C4NJPBAXCD510841,ZO93RI5972,Chrysler,Subaru Outback,1996,351
WDDGF4HB2DA975017,BE54KQ2780,Kia,BMW 3 Series,1986,164
WBAPK5C58AA977635,YU44IP4948,BMW,Toyota Camry,2012,243
1C3CDZCB6CN852707,NI00WT7043,Mazda,Ford Mustang,1988,391
2C3CDXCT5FH653593,HS27AB3711,Volvo,Chevrolet Silverado,2006,314
1N6AF0LY3EN113789,OU05LH0600,Tesla,Audi A4,2006,18
1D7CW3GK7AS359216,DV64KB7683,BMW,BMW 3 Series,2011,185
1GYFC53259R974457,JG11YM0522,Kia,Chevrolet Silverado,2003,200
1FM5K7B89EG339701,MW71TN0441,Ford,Honda Civic,1970,237
WAUJC68E55A156371,NN61BV5684,BMW,Mercedes-Benz C-Class,1988,206
1G4HG5EM4AU657266,YO44EQ7233,Honda,Jeep Wrangler,1991,379
3VW1K7AJ7DM830117,PK83CI9363,Jeep,Subaru Outback,2000,328
3C6JD7AP4CG090130,YO85GG6443,Audi,Audi A4,2005,331
1HGCR2E38DA345148,YF91ZT9312,BMW,Honda Civic,2004,281
1G6AA5RA5D0923660,RQ90CN1540,Chevrolet,Honda Civic,1995,227
1N4AA5AP6DC513791,RH83YS4561,Volvo,Chevrolet Silverado,1998,375
WVGAV7AX0BW636701,SC63OK2431,Chevrolet,Ford Mustang,1995,249
YV126MFD1F2265445,AA68FY4079,Mazda,Volkswagen Golf,1996,358
1C3CCBBB5CN461818,UR83QM7629,Kia,Honda Civic,2006,254
KNALU4D47F6426129,MP15YZ2386,Volvo,Audi A4,2006,85
5FRYD3H66GB606897,YS41HD3351,Ford,BMW 3 Series,1999,33
TRUSC28N441460893,VH95GR5805,Chevrolet,BMW 3 Series,1997,304
3C6TD5MT4CG497709,BC99ND2706,GMC,BMW 3 Series,1993,346
SALAK2V6XFA669055,VX15DC4862,Honda,Ford Mustang,2012,55
WBAWC33579P865107,AL57RA8994,Audi,Subaru Outback,1995,265
5N1AN0NU9CN146756,MG35DK3090,Nissan,Jeep Wrangler,2006,143
4F2CY0C77BK821957,IS39FY8313,Volkswagen,Subaru Outback,1987,127
1FTKR1AD8AP072849,UM47LH0831,Ford,Audi A4,1986,349
3VW467AT8DM900971,YF21KI4663,Mercedes-Benz,Jeep Wrangler,1999,73
1N6BF0KL8FN335997,TL51BQ7342,Jeep,Audi A4,1985,85
3LNDL2L36BR576684,KR80VV8383,Nissan,Mercedes-Benz C-Class,2010,147
WBAVB73547V562168,NI80MZ6593,BMW,Honda Civic,1993,114
WBAYE4C58DD773023,QW23ZU2185,Jeep,Chevrolet Silverado,2009,271
WDDGF4HBXCR555280,XC51EH1170,Nissan,Toyota Camry,2004,223
1LNHL9DK3FG328700,EH46MD2755,Chrysler,Audi A4,2006,231
KNADH4A38A6282250,TF03HV4129,Chevrolet,Subaru Outback,1993,395
2HNYD28897H479130,TD19RD7572,Cadillac,Ford Mustang,1998,255
2V4RW3D14AR822467,RA96KR2439,Lexus,Subaru Outback,2008,132
WBAPM7G50AN234220,BN73HD8723,Chrysler,Honda Civic,2001,325
5NMSG3AB5AH281803,GN15ST4363,Jeep,Chevrolet Silverado,2006,279
5TDBKRFH2FS373132,OU12BE2888,Hyundai,Honda Civic,2001,194
1G4GA5EC7AF333494,SN47HL1659,Toyota,Mercedes-Benz C-Class,1999,283
1GYEE437090421926,BN36IQ1064,Tesla,Subaru Outback,2010,20
5J6TF1H33BL979136,CW30EO3100,Tesla,BMW 3 Series,1963,389
JN8AZ2KR5AT921488,SG12RV0852,Mercedes-Benz,Jeep Wrangler,2000,151
1FTSW3A57AE353503,GO45BR4296,Subaru,Volkswagen Golf,1993,189
WA1LMAFE6BD972900,FL84PN8619,Kia,Audi A4,2012,19
JM1NC2SF2F0449246,IN01TT4221,BMW,BMW 3 Series,2002,156
SALVP2BG2FH180009,JS32KZ8400,Chrysler,Chevrolet Silverado,2012,286
5UXZW0C5XCL709596,UH56WO4296,Chrysler,Volkswagen Golf,2005,363
WAUAKAFB5BN179510,BY26HD1892,Hyundai,Audi A4,1995,177
SCFEBBAC3AG697405,XK98WP0558,Chevrolet,Jeep Wrangler,2012,171
WBASP4C53CC209493,LO70BN7712,Mazda,Mercedes-Benz C-Class,2008,379
1N6AA0EK5FN014335,VF01IX2005,Volvo,Subaru Outback,1986,320
3VW8S7AT0FM505604,MT78SS8154,Subaru,Mercedes-Benz C-Class,1986,316
1D4PT2GK6BW715523,FB67FC9002,Mercedes-Benz,Volkswagen Golf,1993,60
1GYFK43868R540502,KY05QT6797,Jeep,BMW 3 Series,1998,50
1FTEX1CM9BF770040,MO89MP1762,Chrysler,Honda Civic,1988,382
WBA3B1C53F5272877,LC73WM8058,Volkswagen,Volkswagen Golf,1987,134
1LNHL9DR2BG990100,QL30IK3355,Toyota,Volkswagen Golf,1980,171
1G6DW677650391879,QN12PC8173,Jeep,Honda Civic,2004,370
JN8AF5MR6ET889518,FJ78HV1138,Subaru,Jeep Wrangler,1993,54
4A31K2DF5AE185351,CY54HT8502,Toyota,Chevrolet Silverado,1990,378
WBALW3C55EC508505,IH65BI5057,Nissan,Toyota Camry,2012,223
1FTEW1CF3FF950317,NC68PG7817,Chevrolet,Honda Civic,1996,313
JM3TB2BA3F0546686,VU09ES4048,Mercedes-Benz,Volkswagen Golf,2002,148
19XFB2F53DE263129,ND97BB4271,BMW,Volkswagen Golf,1998,378
5TFCW5F18BX412749,PY55PZ0368,Subaru,Audi A4,2009,187
1FTSW2B50AE621123,VP95XU6244,Audi,Toyota Camry,2001,53
1YVHZ8BH3A5214764,NJ75MW4493,Nissan,Jeep Wrangler,1997,55
1G4HD57278U999499,EN68FR7519,Volkswagen,Toyota Camry,2006,4
2C3CDXBG2FH999637,UR75HN2389,Subaru,Ford Mustang,1998,194
1G6DW677670734094,LV66MN3638,Lexus,Subaru Outback,2010,386
WAULC58E53A862904,NH92ZO1754,BMW,Chevrolet Silverado,1995,366
1J4AA2D17BL107140,AQ41NL4282,Audi,Chevrolet Silverado,2006,93
WAUBC48H05K392293,JY57AM8184,GMC,Honda Civic,1992,387
1GYFK43828R212851,FY85DB2100,Volkswagen,Toyota Camry,1967,361
2D4RN4DG4BR782273,GM61OO7922,Toyota,Chevrolet Silverado,2003,71
SAJWA4DB5DL863540,LR33EW0547,Toyota,Jeep Wrangler,2012,130
1GKS1CE07ER201241,LY49JH6009,Toyota,Jeep Wrangler,2007,318
5N1AN0NW1EN895605,TI28CT8167,Chevrolet,Audi A4,1994,392
3C6TD5DT4CG844388,GG81TG0070,Honda,Chevrolet Silverado,2000,214
1G6DA5EY2B0347183,XU91FJ0651,Chrysler,Jeep Wrangler,1999,198
WAUBVBFB7BN291713,TV49PZ5362,BMW,Chevrolet Silverado,2003,267
WAUFFAFL6DN059009,YU57LO7030,Hyundai,Audi A4,2005,277
1G6KF57991U615135,UW83ZR1468,Subaru,Volkswagen Golf,2001,128
JTDKDTB36C1882702,JN58CN0098,Lexus,Jeep Wrangler,2007,123
1G6AB5RA1D0869058,QY65FZ9256,Volkswagen,Subaru Outback,2008,161
1G6AJ1R36F0188653,EC04VE9873,Mercedes-Benz,BMW 3 Series,1988,236
1G6AG1RX5F0686098,EF35PY4535,Tesla,Jeep Wrangler,2006,336
SCFEBBAC9AG147609,PH46UP2744,Toyota,Jeep Wrangler,1989,198
WAULT54B24N979622,ON51OV2984,Toyota,Subaru Outback,2010,128
JTHBL5EF4B5314197,DS32MC5213,Hyundai,Honda Civic,2005,61
JTEBU5JR6F5057513,IC38MF6852,Kia,Volkswagen Golf,1997,336
WBA1J7C55EV171576,HO76BV2697,Hyundai,Subaru Outback,1994,95
1N6AA0EJ8FN128322,NE88EQ0622,Cadillac,Mercedes-Benz C-Class,2008,346
2B3CJ5DT5BH407842,HM30BR8717,Volvo,Ford Mustang,2007,35
3FADP4AJ4CM543161,LA86WH6388,Honda,Chevrolet Silverado,2001,123
WBADX1C53BE434961,ME83QR3017,Mazda,Subaru Outback,2009,220
4T1BF3EK1BU699052,ZL17RB5248,Mercedes-Benz,Honda Civic,2004,195
WBALL5C5XFP261447,MT94HG1325,Honda,Toyota Camry,2009,205
JH4CU2F60BC906447,RC93GS7520,Volvo,Subaru Outback,2011,287
19XFB2E20CE145707,YX53IH7796,Cadillac,Volkswagen Golf,2004,35
WAUXD68D51A181408,HF15OZ1194,GMC,Audi A4,2010,242
1GYS4GEF8CR713788,CT14TG8776,GMC,Subaru Outback,2003,25
JH4CL96986C573507,TH00NX5521,Hyundai,Toyota Camry,2007,374
WAUVT64B33N010618,HB27XE2464,Ford,Jeep Wrangler,1995,349
5J6TF1H37AL938748,YS92BM8658,Mercedes-Benz,Volkswagen Golf,1996,108
3C4PDCEG9ET386552,SE67EK4208,GMC,Honda Civic,2000,214
WA1CFBFP7BA249737,CO72RG4165,Lexus,Mercedes-Benz C-Class,2003,372
WBAPH7C56AA698954,XT21AP8700,Audi,Chevrolet Silverado,2006,209
1G6DJ5E36C0095699,RM97GC7843,Mazda,Ford Mustang,1999,390
19UYA42633A614288,HZ93CY3710,Honda,Toyota Camry,2005,390
1G6YX36D765355546,AY11FA0779,Lexus,BMW 3 Series,1992,157
KNAFU6A20B5644229,BR98QE2129,GMC,Jeep Wrangler,2010,8
1B3CC4FB3AN257650,RD52DS4940,Honda,Chevrolet Silverado,1995,219
1N6AA0CC9BN566507,GW74CT0573,Cadillac,Mercedes-Benz C-Class,1995,123
1N6AA0CC6BN260560,YK34QP1873,Honda,Subaru Outback,2000,211
1HGCR6F39EA752631,YJ47ED1204,GMC,Chevrolet Silverado,1994,393
WAUSH94F08N520604,YS30CW9307,Volkswagen,Subaru Outback,1996,185
19UUA76648A241750,KS43RN3618,Subaru,Subaru Outback,2009,77
1N6AA0EC4FN087348,MI50AW6754,Volvo,Audi A4,2002,170
WAUKF78E67A949506,OJ29YU9864,Chevrolet,Volkswagen Golf,1995,74
JM1NC2JF9C0369259,YA22VL5173,Lexus,BMW 3 Series,1993,136
1FTFW1E87AK173059,XZ65GQ5529,Lexus,Audi A4,1992,29
WBAYE8C56DD878036,KK21FG7304,Lexus,Subaru Outback,2011,141
3VWKP7AJ8DM189405,LJ46MK1443,Volvo,Jeep Wrangler,2001,56
YV140MAM0F1719059,AD06UR4207,Subaru,Jeep Wrangler,2004,140
1ZVBP8AM0C5096897,OI13RP4239,Volvo,Jeep Wrangler,1998,354
5N1BA0ND1FN026633,HA78XI5288,Kia,Toyota Camry,2004,220
1D7RV1GP1AS856355,HJ47JD0125,Subaru,Subaru Outback,2010,170
WBABN53451J260926,EN14AZ2738,Audi,Subaru Outback,2007,75
1G6DK8E3XC0287612,OY82VY8714,Lexus,Volkswagen Golf,2012,190
1N6AF0KX2FN007361,OF54WQ2597,Ford,Volkswagen Golf,1989,356
WA1DGBFE7FD061126,FU85XU1985,Honda,Honda Civic,2005,20
JN8AZ2KR7AT412633,QV36CL9056,Volkswagen,Chevrolet Silverado,1989,34
1G6AB5S30D0607043,LF11KE5265,Honda,Jeep Wrangler,2012,351
WBAPL5G58BN345283,XV37MF2859,Volvo,Audi A4,2011,51
WBAGN83454D819790,NN38BQ9195,Volkswagen,Toyota Camry,1988,259
2B3CJ5DTXAH589939,NZ05WP0530,Volvo,Ford Mustang,2009,79
KMHHT6KD8AU358563,VK17IC3344,Honda,Toyota Camry,2007,232
WAUDH98E87A303480,KJ40VO1174,Nissan,Jeep Wrangler,1993,254
WBAFU9C59DD110597,RH56EC9910,Kia,Audi A4,2008,193
SAJWJ1CD8F8454522,PG41JX1346,Ford,Chevrolet Silverado,1993,108
1N6AF0LX8FN417970,YT04PI0304,Kia,Honda Civic,1993,146
JH4NA21651T473201,DG07EN2585,Volvo,Audi A4,1996,282
3D7TP2CT9AG501711,BD86EM7382,Lexus,BMW 3 Series,1986,271
TRUDD38J591488539,XN50ZO8093,BMW,BMW 3 Series,1993,355
JH4CU25669C215323,OG86YY8278,Chevrolet,Chevrolet Silverado,1984,205
1G6DK5EG6A0590627,RM41NG1440,Chevrolet,BMW 3 Series,2011,240
JN8AZ2ND0F9832870,GO70XW3182,Jeep,Mercedes-Benz C-Class,1995,101
4A31K2DF3BE167139,PO82DW6234,Mercedes-Benz,Volkswagen Golf,2002,30
19UUA9E56EA343616,XG68AT7198,Chrysler,Volkswagen Golf,2006,276
1FA6P0G73E5016461,RA29XY7194,Hyundai,Jeep Wrangler,2006,23
1C3BCBFGXDN146435,JI12GA0860,Subaru,Volkswagen Golf,2008,77
JM3TB2MA3A0610165,BH21MO8743,Jeep,Chevrolet Silverado,2004,393
KMHEC4A45FA138007,XF51RK3805,Volkswagen,BMW 3 Series,1996,234
JTDKN3DP1F3094237,RN71UD3670,Chevrolet,Honda Civic,2002,348
JTEBU5JR0D5739655,OD88BN4477,Chrysler,Toyota Camry,2010,211
WBAXA5C50ED678776,CG56VC4856,Mercedes-Benz,Audi A4,1990,363
2C3CDXEJ6CH508988,ZG02KU1566,Chrysler,Mercedes-Benz C-Class,2007,349
5UXFE83548L614205,VM38UZ9496,Audi,Toyota Camry,2003,234
WA1YD54B32N735796,AN54TG2728,Volkswagen,Honda Civic,1996,60
1G6DM5EV2A0348166,FR78PS3903,Tesla,Chevrolet Silverado,2001,116
WAU3GAFC1DN558722,SH57PN4978,Mazda,Honda Civic,2011,53
1G6DJ8EV9A0452034,LN66DW3119,Mercedes-Benz,Chevrolet Silverado,2002,261
1N4AL2AP4CN602478,FI99RE9005,Cadillac,Mercedes-Benz C-Class,2007,155
2FMDK3KC0AB516940,QX98VY4364,Cadillac,BMW 3 Series,1999,17
WVGEF9BP6DD338290,GI10LW8735,Cadillac,Subaru Outback,1999,369
1GYS4BEF0CR152814,AH20NM4285,Audi,Honda Civic,2007,308
YV126MFK0F1670166,BR58DV4492,Tesla,Jeep Wrangler,1992,102
2G61R5S31F9569908,SO90RE7446,Jeep,Chevrolet Silverado,1989,202
WAUGGBFC3DN925837,ED96HB1735,Ford,Ford Mustang,1999,195
WAUWFAFL0BA214092,QN60BQ7372,GMC,BMW 3 Series,2003,127
W04GV5EV0B1605810,AA78DG7133,Nissan,Honda Civic,1992,15
SCFFDAAM5DG177065,JN62RT4436,Kia,Honda Civic,1975,350
5YMGZ0C50BL359532,TY44GB5772,Volvo,Chevrolet Silverado,1998,375
2HNYD2H28CH947550,EY93SD2030,Lexus,Ford Mustang,2008,385
1GD22ZCG2CZ089372,LK22UT2758,Nissan,Jeep Wrangler,2006,369
JTDKN3DU7B0461899,JQ07MB6029,Nissan,Honda Civic,2005,131
3VW4S7AT6EM032501,OY20PR0959,Tesla,Jeep Wrangler,2001,207
WAUNF78P86A640360,BH37NL8625,Ford,Mercedes-Benz C-Class,2007,60
1C3CDFCB7ED877462,EH14OT5328,Mercedes-Benz,Ford Mustang,2008,70
WBAEK73474B936566,QP91VR9106,GMC,Mercedes-Benz C-Class,1994,370
1G6AW5SX8E0312295,NB51JE0254,Jeep,Audi A4,1995,332
1FTWF3B50AE906489,NJ87GI6286,Toyota,Volkswagen Golf,1959,173
4USBT33414L083937,AR44SL0234,Mercedes-Benz,BMW 3 Series,1992,23
WBAFR7C54BC249612,LH38GH4262,Mercedes-Benz,Toyota Camry,2011,211
YV1672MKXB2211513,DM09HM4475,Kia,Volkswagen Golf,2011,54
NM0KS9BN1CT962954,QN02WV3939,Honda,Mercedes-Benz C-Class,1998,256
WAUBNBFB0BN478694,XQ65TE4052,Volkswagen,Jeep Wrangler,1995,212
YV140MEA8F1949724,HQ87KG2886,Cadillac,Chevrolet Silverado,2000,45
1G6DL1E34C0562704,TA12KV5017,Volvo,Subaru Outback,2009,47
1FTMF1CW4AK673091,NN34DP7746,Tesla,Ford Mustang,2011,323
KM8NU4CC1AU817376,IB02QY8350,Chevrolet,Toyota Camry,2009,163
1D7RV1GP3AS900520,PN82GB2948,Kia,Ford Mustang,2002,198
WBADT43422G938099,ME03ZF5270,Volkswagen,Ford Mustang,2010,190
WBAEA5C55AC553487,OU53OZ8377,Honda,BMW 3 Series,1997,321
3GYFNBE3XFS617024,UY94IZ7056,Chrysler,Mercedes-Benz C-Class,2001,53
JTDKDTB32D1554940,XB66WH8896,Jeep,Mercedes-Benz C-Class,2007,72
WBAEV53484K898891,IN28BC4243,Lexus,Honda Civic,1996,105
4T1BD1FK9CU463761,JW83XR3859,Subaru,Audi A4,1993,40
1G6DP567550453443,BX70FM6742,GMC,Subaru Outback,2005,170
2B3CL5CTXBH922203,PB49NX5883,Subaru,Chevrolet Silverado,2011,320
WBA3B3G52EN108508,AP38CQ2467,Tesla,Toyota Camry,2001,222
1FAHP2DW5BG641735,DL47TF2400,Mercedes-Benz,BMW 3 Series,2003,364
3C4PDCEG3FT961102,US17YK8058,Chevrolet,Honda Civic,2003,203
JA4AD3A36FZ593218,KV13YN4462,Mazda,Jeep Wrangler,2004,291
JM1NC2SF1F0028893,HQ23LM7435,Chrysler,Chevrolet Silverado,2002,77
WAUVT68EX5A242857,YY18PE4376,Ford,Volkswagen Golf,2008,69
JN8AS5MT7DW340723,NP18NH8559,Mazda,Jeep Wrangler,2009,163
WVGEF9BPXED563636,RU63LV6620,Cadillac,BMW 3 Series,2008,260
3VWAL7AJ8AM081577,LU96RR1587,Hyundai,Subaru Outback,2007,123
3MZBM1L78EM732003,NV16IH2520,Mazda,BMW 3 Series,2005,271
JN8AZ1MUXCW351212,AC74XO0747,Chrysler,Ford Mustang,1992,22
1FTNF1E83AK320344,AQ18OY4774,Volkswagen,Volkswagen Golf,1988,385
2G61P5S3XF9158576,OW19BA4139,Subaru,Chevrolet Silverado,2009,281
1FTWF3B54AE271549,FG74IW7916,Nissan,Chevrolet Silverado,2000,168
JH4NA21614S629583,GP96HL4633,GMC,Jeep Wrangler,1993,326
2LMDJ6JK5DB356708,OF45GV6924,Jeep,Subaru Outback,2009,340
3MZBM1K7XEM529924,MV81BH8810,Mercedes-Benz,Chevrolet Silverado,2003,194
WA1LGAFEXCD878530,QL90WE4830,Jeep,Jeep Wrangler,2006,117
5UMDU93476L385701,TI42DU9023,BMW,BMW 3 Series,2003,198
KMHTC6AD8EU479143,QD95KJ3935,Lexus,Jeep Wrangler,2002,375
JTHFF2C27D2730420,WI53SF8960,Toyota,Mercedes-Benz C-Class,2010,358
3C6TD5HT9CG887098,OX58LO1973,Nissan,Volkswagen Golf,2004,107
KMHGH4JH4EU316306,BZ02FW1057,Kia,Ford Mustang,2007,385
WBAYB6C53FD617236,CN73MM7297,Tesla,Audi A4,2006,337
1G4HR54K324676502,EU77EG8169,Cadillac,BMW 3 Series,2010,133
1G6DA1E35D0727215,FG96OP7793,Volkswagen,Audi A4,1993,318
5FRYD3H25FB513252,AC88ZQ7444,Mazda,Honda Civic,1995,259
JM1NC2MF7E0692398,IG02TM9253,GMC,Jeep Wrangler,2004,360
19UUA66244A309451,TA32NM6690,Jeep,Ford Mustang,2007,219
1G6DE8EY3B0252010,CE81IC0183,Chrysler,Mercedes-Benz C-Class,2003,266
WBABS53493J213166,SR57KQ6868,Mercedes-Benz,BMW 3 Series,2009,119
JN8AE2KP2D9724452,OO52DA8192,BMW,Subaru Outback,2004,149
WBSKG9C56DJ840003,ZH09BT8583,Jeep,Honda Civic,1988,9
WAUWFAFR1EA523594,EI26TE6760,Volvo,Toyota Camry,1996,40
WAULT68E03A457202,BE31ZS6561,Ford,Volkswagen Golf,2004,17
WDDGF4HB9ER143340,SE01DE5097,Hyundai,Honda Civic,2001,212
1GT3C0BG0AF528649,EB00UP6968,Volvo,Toyota Camry,1993,300
WA1WKBFPXCA219190,UQ26MU5714,Chrysler,Ford Mustang,2009,361
JN1AJ0HP3BM400510,ML64ZJ6767,Audi,Toyota Camry,1966,370
1VWAH7A33DC866355,PK80IO3420,Toyota,BMW 3 Series,1999,318
WAUFFBFL2BA162745,IQ96LG8251,Hyundai,Toyota Camry,2008,358
1GYS4CKJ2FR430809,HL77SL1881,Subaru,Mercedes-Benz C-Class,2008,110
5GAKRBKD0EJ408446,OV43UM0550,GMC,Volkswagen Golf,2004,379
5J8TB3H35FL839237,TF34JO1396,Audi,Subaru Outback,2009,309
JH4KA96524C046879,TW98GZ1261,Chevrolet,Honda Civic,2010,288
JTJYWRBZ1F2186918,YT69JH5390,Lexus,BMW 3 Series,2005,64
WBA3B1C54F5338143,DR14TN3513,Chevrolet,Audi A4,1997,390
5FNYF3H26AB805674,BH89QD5089,Volkswagen,Mercedes-Benz C-Class,2000,323
1B3CB5HA2AD052825,TT43BF4355,Chrysler,Honda Civic,1996,121
ZHWGU5BR5EL744816,EN89WY1481,Tesla,Chevrolet Silverado,2007,300
3GYFK12299G466537,JT01UR6798,Toyota,Ford Mustang,1998,358
5TFBY5F12AX177740,WE45WM6833,BMW,Audi A4,1991,376
1GYFC43529R568706,TC74VJ1042,Nissan,Ford Mustang,1993,136
YV4960BZXA1748135,CR11AM8192,Kia,Audi A4,2009,372
3GYEK63N23G332008,SQ57GW2360,BMW,Chevrolet Silverado,1996,400
3GYFNFEY5BS929314,TW65JN2647,Chrysler,Honda Civic,1992,271
WAUEF98E08A427819,SK58CL9404,Ford,BMW 3 Series,2006,140
1YVHZ8BH4D5172139,LV55ZR4059,Mercedes-Benz,Ford Mustang,1998,222
KNAFT4A29C5901493,KX71WK4660,Chevrolet,Ford Mustang,2004,232
1GYFC26269R453306,VI68ST1653,Jeep,Chevrolet Silverado,2010,215
SCBBP93W39C589620,IZ58LQ9603,Subaru,Honda Civic,2003,394
ZHWGU6BZ1CL586767,ID51EH2035,Tesla,BMW 3 Series,2007,214
KNALN4D72F5272510,HU75PC4016,Chevrolet,Jeep Wrangler,2002,189
3D7JB1EK9BG215413,QG41QH7591,Jeep,Volkswagen Golf,2008,202
JH4NA21604T433015,AU81CU3025,Audi,Audi A4,2010,168
WA1WKAFP0CA247557,BB16RQ4278,Nissan,Toyota Camry,1990,397
JH4CL95884C375502,NZ70IM6013,Hyundai,Ford Mustang,2010,150
JH4CU2E69AC955582,KF23IQ3475,Cadillac,Toyota Camry,2012,356
1GYS4CKJ2FR761437,JY06FC2831,Tesla,Volkswagen Golf,1990,334
WAUGL98E75A088232,QW79KH0674,Volkswagen,Toyota Camry,1989,38
3VW217AU0FM361019,UF85QY4564,Ford,Volkswagen Golf,1996,181
WBAYF4C53ED959180,VP81WN6111,Subaru,Jeep Wrangler,1987,324
WAUVC58E62A584330,VF07EM8865,Honda,Ford Mustang,2009,78
1HGCR2E38FA203689,BB22JZ9462,Ford,Ford Mustang,2006,363
WAUAFAFL5DA978601,EP43ES9758,Chrysler,Toyota Camry,2012,72
JN8AE2KP3E9538663,BP41JS6728,Volvo,Jeep Wrangler,2005,97
TRUDD38J691402820,ED07IR1772,Hyundai,BMW 3 Series,1989,380
1GTN1UEH5FZ294007,ZF80KC6339,GMC,Ford Mustang,1984,329
1GYFC36299R003056,IR67FN1603,Volvo,Honda Civic,2010,21
WBALY1C59ED542715,OB78XO5969,Audi,Chevrolet Silverado,2011,69
1N6AA0CC5BN577052,JM83NF8848,Chrysler,BMW 3 Series,2004,161
4A4AP3AUXEE869517,RV91IX1853,Chevrolet,Jeep Wrangler,2004,320
WAUDH78E46A610924,ID15AP0157,Chrysler,BMW 3 Series,1998,251
1FTMF1EW4AF517851,ES66LD6116,Nissan,Mercedes-Benz C-Class,2004,387
WA1LYBFE4AD110302,JO77XF0419,Nissan,Volkswagen Golf,1991,217
WBAUP9C55AV028824,YS36GX6584,Volkswagen,BMW 3 Series,2004,21
4JGBB9FB8AA031455,SD61XY1008,Honda,Jeep Wrangler,1996,12
1FT7W2A66EE564125,DA30AF0486,BMW,BMW 3 Series,2005,149
WAUBFCFL4CN954765,SZ25VW5497,BMW,Audi A4,2011,59
1G6AD5SX2D0001546,SP70PA5970,Subaru,Chevrolet Silverado,2002,370
5XYZG3AB7BG967416,VW50XC9175,Audi,BMW 3 Series,2010,128
1FTEW1CFXFK077494,TJ74FQ2791,Lexus,Subaru Outback,2002,134
WBAXG5C58DD447640,ZW79IR3602,Volkswagen,Subaru Outback,2009,289
WA1LMAFE9DD614371,OT07SF6485,Toyota,Subaru Outback,2010,35
WAUFFBFL2BN587018,VS74PO7540,Hyundai,Volkswagen Golf,2011,381
1G6AB5RX6F0825600,WQ03HB4795,Jeep,Volkswagen Golf,2006,144
KNADM4A31D6383758,TE45TN4231,Volkswagen,Audi A4,1985,357
WBAUC73549V213488,DW30FH7022,Chevrolet,Subaru Outback,1993,390
1FMJK1F53BE469931,NA64HD0939,Chevrolet,Audi A4,2010,33
KMHFC4DF6BA673407,NW62AS4180,Hyundai,BMW 3 Series,2009,397
SCFFDAAM1EG012146,LC52QD4691,Mercedes-Benz,Chevrolet Silverado,1991,106
2C3CDXHG0CH946373,MO96XA1898,Tesla,Honda Civic,2003,50
5FRYD3H95GB945788,IN53CI2148,Volkswagen,BMW 3 Series,2000,188
1FTNF1E88AK441788,WB83ID7144,Hyundai,Audi A4,1988,235
1GYS4CEFXDR907412,AN96BL4345,Kia,Toyota Camry,1995,40
1G6DA1E38C0036694,KL07BO1949,Tesla,Chevrolet Silverado,2004,368
WAUSF98K49A252114,QE22IO8912,Jeep,BMW 3 Series,2006,345
1FTEX1CM2BK077690,HJ95IX4787,Jeep,Ford Mustang,2009,40
WBAET37414N171689,SE30ZA9220,Volkswagen,Toyota Camry,2008,83
WAUYGBFC1CN395399,KD80VE7592,Chrysler,Honda Civic,2011,351
WAUEF98E97A550324,PG95YU6214,Cadillac,Jeep Wrangler,2011,272
2G4WE537351673759,GO84EK1434,Hyundai,Toyota Camry,2012,128
19XFB4F26EE607510,EM75RC5703,Tesla,Volkswagen Golf,2006,303
1HGCP2E46AA563633,KW28EK5668,Jeep,Mercedes-Benz C-Class,2007,327
WDDNG7BB4BA733244,MY03LY0754,Honda,Audi A4,2009,310
JN1BJ0HP1DM463810,CF53NU2762,BMW,Audi A4,2009,342
WBAYA6C57ED373964,VM72NY7304,GMC,Chevrolet Silverado,2010,346
1N6AA0CA0AN473534,TZ32DL8666,Chrysler,Honda Civic,1998,296
JN8CS1MW2EM482910,WQ34WG1845,Mercedes-Benz,Jeep Wrangler,1989,371
WBA3T1C50FP959557,UL22QG5959,Subaru,Toyota Camry,2007,175
NM0AE8F73E1259377,ZH55CY2053,Jeep,Toyota Camry,2006,149
5FRYD4H67GB310499,MA21SR9620,Volkswagen,Chevrolet Silverado,2010,28
WAUAC48H25K975749,VV19GO1323,Cadillac,Honda Civic,2009,353
WAUKD78P69A824869,JW37OB9986,Toyota,Volkswagen Golf,2006,44
WAUEF48H17K356958,OS58HW5656,Lexus,Toyota Camry,1990,26
JM1NC2MF7D0843996,ZB72BG6734,Mazda,Audi A4,2009,254
YV4952CYXC1018250,TQ80UH8526,Chrysler,Honda Civic,2012,104
3VWKZ7AJ3BM235021,TM26GC3059,Chrysler,Ford Mustang,1995,294
5N1AR2MM9DC032383,IU77OB8726,Lexus,BMW 3 Series,1956,312
WP0AA2A90AS095028,RG30SF7611,Ford,Ford Mustang,2007,116
WBAWV13557P983622,BK98KC4432,Chevrolet,Chevrolet Silverado,2000,169
1D4PU7GX3AW063061,CG91LV0750,Cadillac,Subaru Outback,2007,4
1FTSX2B58AE648518,TV69NN0776,Tesla,Honda Civic,2001,261
WBA3F9C53FK108551,QX61XM5478,Mazda,Subaru Outback,2004,365
JH4KA96571C077671,VG49SX3722,Chevrolet,Volkswagen Golf,1998,354
JA4AS3AW9DU346589,YI44UL8595,Honda,Audi A4,2009,283
TRUWT28N711109635,OA31HN7424,Ford,Subaru Outback,1996,366
1FTWX3A58AE985375,PI83OR9174,Lexus,Ford Mustang,2003,342
WVGEF9BP6FD935944,YI58RR8834,Tesla,Ford Mustang,2009,122
1VWAH7A32DC683030,RE64ZO8331,Chrysler,Audi A4,2010,300
2HNYD18216H460267,DB92EW8622,Tesla,Ford Mustang,1998,284
WAUVC58E05A274775,YP58CZ3299,Honda,Audi A4,2012,257
WBSBL93423J568261,RG89OI4661,Chrysler,Honda Civic,2000,292
1FTNF1E89AK741730,EK85VT7031,BMW,Ford Mustang,1990,212
2C4RDGCG0DR673282,MF67FX1081,Toyota,Mercedes-Benz C-Class,1985,76
WAU3FAFR0AA447072,PE25HO3625,Lexus,Toyota Camry,1985,363
JN1CV6FE5DM654773,TU73EG2889,Chrysler,Jeep Wrangler,1997,138
1B3BD1FB6BN954447,UV41GK9286,Jeep,Toyota Camry,2009,139
5NPE24AF1FH568991,HO37OK3765,Lexus,Audi A4,2006,267
WAURVAFD9BN223343,CH58GZ4035,Chevrolet,Honda Civic,2010,382
WBALM7C51EJ476922,ZO86NG5160,Ford,Toyota Camry,1994,308
WA1YD54B25N707797,GH75RH1446,Kia,BMW 3 Series,1999,27
5J6TF3H38CL872970,KE57DK0308,Toyota,Toyota Camry,1997,392
NM0AE8F75E1474355,NT27EP8713,Hyundai,Mercedes-Benz C-Class,2004,137
WVGAV3AX1EW336808,MN51NK4559,Mercedes-Benz,Ford Mustang,2012,178
JN1CV6EL7FM449801,QG84BW3997,Jeep,Jeep Wrangler,1987,33
1C4NJPBA0FD892978,EN51VX4714,Mazda,Ford Mustang,1985,60
1N6AF0KX1FN130682,IC26KS4407,Mercedes-Benz,Mercedes-Benz C-Class,2002,121
JH4CU2E69BC149856,SN49WJ1328,GMC,Honda Civic,1984,357
1GYS4EEJXDR044305,BD84FA4259,Audi,Volkswagen Golf,1994,321
1FMJK1H54DE081073,VD08KG5087,Mercedes-Benz,Mercedes-Benz C-Class,1998,147
WAULT64B13N297125,GD59CA6250,Hyundai,Volkswagen Golf,2010,279
1G4CU541024059817,UQ97SD0941,Nissan,Volkswagen Golf,1989,257
2B3CA4CD1AH574721,VC10WL3252,Audi,Volkswagen Golf,1992,175
1G6DM1EDXB0049297,GG46NG8675,Chrysler,Audi A4,1990,71
1G6DL5EY4B0502407,CD31IO6027,Audi,Ford Mustang,2005,115
WAULT58E83A543240,ZM30JJ2408,Ford,Jeep Wrangler,2010,207
KL4CJASB6DB314092,IM36GR1527,Chevrolet,Honda Civic,1986,235
1GD312CG2DF428178,UC30NU1322,Toyota,Jeep Wrangler,1985,71
1GYS4BEF7CR598264,SJ98YB1752,GMC,BMW 3 Series,1988,169
1G6DU6EA6A0460486,OD33QV0115,Mercedes-Benz,Mercedes-Benz C-Class,1986,78
JH4CL95926C249065,EM27IK9112,Chrysler,BMW 3 Series,2007,238
1FTMF1E87AK298134,PH19UW2693,Volvo,Ford Mustang,2009,157
WDDHH8JB0FB120202,KT55WG6449,Toyota,BMW 3 Series,1994,214
SCBCP7ZA9AC844957,HQ13OJ7799,Honda,Subaru Outback,1996,186
1GD12ZCG2CF618185,HP44EZ6331,Audi,Honda Civic,1993,137
WBAYE0C56ED235771,LS95LW7292,Mercedes-Benz,Jeep Wrangler,1998,336
2G61R5S35E9522038,YB65EY8235,Ford,Chevrolet Silverado,2004,136
WDDHF7GB4EA260488,MW68FI2184,Mercedes-Benz,Mercedes-Benz C-Class,1998,178
2T1BURHEXEC492163,NU98SF6683,Volvo,Honda Civic,1990,226
3D73M4CL4BG269332,AY87QP6826,Volkswagen,Toyota Camry,1992,11
1FTMF1C89AK393488,MH76ZG6012,Subaru,Ford Mustang,1996,51
WBANU5C55AC716405,AB94TO4923,BMW,Audi A4,2002,390
YV4952CY3C1760957,CB52VL5245,Lexus,Chevrolet Silverado,1994,194
1D7RV1GT9BS140608,AI48FX1831,BMW,Audi A4,1990,213
5TDDK3DCXFS675202,UJ26HQ2026,Audi,Subaru Outback,1989,397
JN1CV6FEXEM427385,HD04TG2938,Chevrolet,Volkswagen Golf,2013,108
SCFFDCBD5AG258251,OV29YB5287,Volkswagen,Ford Mustang,1995,390
WBAEN33413E414691,KG32NN0783,Tesla,Chevrolet Silverado,1985,302
JTEBU5JR4F5629470,CZ54TB8345,Lexus,Subaru Outback,1994,259
3GYFNBEY6AS841153,FH18LJ1909,Mazda,Mercedes-Benz C-Class,2000,304
WA1YD64B83N103884,IW64ZM0604,Mercedes-Benz,Mercedes-Benz C-Class,2013,136
WBAWB73548P814494,DU09ZI3187,Cadillac,Jeep Wrangler,1994,27
1C4RDHEG8CC240299,LA89UO3016,Nissan,Honda Civic,1996,394
WBA3K5C52FK367262,HC88PP1390,Chrysler,Chevrolet Silverado,1984,78
SCFAB02A07G666900,LH35OG7421,Audi,Volkswagen Golf,1993,16
YV1902AH5B1182518,RA17DZ7769,Tesla,Mercedes-Benz C-Class,2003,379
WA1CGAFP8EA370272,WM99VS8442,Volkswagen,Subaru Outback,1995,368
1N6AD0CW2EN414722,YE10CO0048,Audi,Toyota Camry,1977,359
3N1BC1CP4CK367045,DT10TH1690,Mercedes-Benz,Audi A4,2012,173
WVGEF9BP0DD262145,RZ04NW3427,Hyundai,Ford Mustang,1996,304
3C3CFFAR1FT214278,EM66LH2436,Toyota,Toyota Camry,2002,361
3D7TT2CT5AG939279,FY29IE9779,Mercedes-Benz,Ford Mustang,1998,35
JN8AZ1MU7CW529934,MQ48JT2695,Jeep,Chevrolet Silverado,1996,108
KMHDB8AE5BU045379,NA29BI8754,Mercedes-Benz,Honda Civic,1996,390
WAULT68E35A938094,GI07ID5145,Lexus,BMW 3 Series,2001,236
WA1CFAFP2DA108393,ZJ74MZ7774,Mercedes-Benz,BMW 3 Series,1988,267
SCFBF03B47G485122,TQ22LO0197,Hyundai,Jeep Wrangler,1995,106
5N1AR2MM3FC315770,HI58PB5638,Ford,Honda Civic,2007,365
1N6AA0CA5DN378441,ND83YA8475,Tesla,BMW 3 Series,1995,332
5TDBK3EH7DS945582,TQ86PT2833,Cadillac,Toyota Camry,1994,342
5GAKRBED8CJ130078,TZ56EJ3802,Ford,Volkswagen Golf,2004,350
2T1BPRHE7FC881741,YZ18BN0207,Subaru,Subaru Outback,1992,20
WUAGNAFG1CN430902,HQ66DQ3010,Jeep,Chevrolet Silverado,2004,155
WBAKB0C54CC660570,AQ37CJ7113,Chrysler,Honda Civic,1996,167
WBADN53412G021056,TV27BT1578,BMW,Audi A4,1986,314
1G6DF5E53C0494928,PL01TG8983,BMW,BMW 3 Series,1996,347
WAUDH78E46A418242,DR04KQ5577,BMW,Ford Mustang,1989,168
4JGCB2FE2AA341090,XY50MH2547,Mazda,Volkswagen Golf,2012,137
5N1AA0ND9FN548437,EO17EW7818,BMW,Subaru Outback,1993,352
1FTSW3B55AE883855,YI72WJ6197,GMC,Ford Mustang,1993,326
WBA3C3G58EN924765,GI09QP6052,GMC,Mercedes-Benz C-Class,2009,282
1B3CB4HA8AD798870,RT70TW9555,Volvo,BMW 3 Series,1986,164
WAUNF98P86A615096,SD46DD2684,Mercedes-Benz,Volkswagen Golf,2012,340
YV1622FS8C2491963,NQ19BN1353,Chrysler,BMW 3 Series,2009,116
1G6DS8ED0B0808781,FS10AI5427,Honda,Toyota Camry,1992,362
2HNYD18835H438080,YO75DK3481,Audi,Subaru Outback,2009,251
WBAVT73507F362332,JW27MX5772,Mercedes-Benz,Subaru Outback,2004,27
19UUB3F58FA424806,MN97WE4654,Mercedes-Benz,Volkswagen Golf,2008,269
SCBBR9ZA1CC665154,HL95BW6117,Subaru,Volkswagen Golf,2005,34
1LNHL9DK1DG195884,NY57EP3225,Nissan,Ford Mustang,2005,236
JH4DB75581S403995,PH67ZL3966,Hyundai,Jeep Wrangler,1995,149
YV4952BZXE1080695,TD57RW6307,Lexus,Mercedes-Benz C-Class,2000,253
1FTWF3B51AE509101,TX66SV9039,Chevrolet,Honda Civic,2012,332
5TDBKRFH1FS930175,UL66SV2754,Honda,Volkswagen Golf,2003,49
WBAVB73507F794244,MC98GQ1563,BMW,Honda Civic,1995,342
WP0AB2A81FK527234,KB67JQ8244,Mercedes-Benz,Audi A4,1999,35
5N1AN0NU7EN861618,UI55KU5727,Tesla,Chevrolet Silverado,2009,333
WBAGH83421D092840,FF68FB4441,Kia,Mercedes-Benz C-Class,1988,235
3C6JD6EP1CG606383,JZ55EH2532,Jeep,Audi A4,2010,314
WP0AA2A99CS436901,CY13DA0081,Honda,Audi A4,1993,153
5N1AA0NE4FN970706,FF22DP5782,Audi,Toyota Camry,2011,170
WBAAV33411F525604,GE89JE7096,Subaru,Mercedes-Benz C-Class,2002,333
1FTEX1CMXDF501709,UX82QX1901,Volvo,Subaru Outback,2005,191
3D7TT2CT1AG557055,OX51IT2646,Kia,Ford Mustang,1993,384
1GT022CG7EF128724,QB71PK9585,Lexus,Toyota Camry,1998,383
WAUDH74F27N133564,YO78DW8874,Tesla,Honda Civic,1996,126
WBAEV33454K949008,DQ19MI7767,Chevrolet,Honda Civic,1994,73
1G6DG5EY2B0599773,UO98KP0969,BMW,Audi A4,1997,40
1C6RD6LPXCS511805,WU95HP2670,Mercedes-Benz,Volkswagen Golf,1996,285
3D73M4CL8BG672360,OL90RF0002,Chrysler,Chevrolet Silverado,2004,265
1GKUCKE05AR975267,LA57NU0776,Cadillac,Ford Mustang,2011,303
WAUVFAFR8AA247713,WT18TO3058,Kia,Honda Civic,2005,339
19UUA662X8A646468,JW99OZ1378,Honda,BMW 3 Series,1986,353
WA1UFAFL9FA204641,GV51XH2278,Audi,Mercedes-Benz C-Class,2012,3
5UXFG2C51E0606440,WY49RH9078,Hyundai,Mercedes-Benz C-Class,2001,215
5UXFF03599L757408,RZ23XS2294,Cadillac,Toyota Camry,2008,363
SCBBR9ZA4CC828069,JC83NF6592,Hyundai,Jeep Wrangler,2010,339
2C3CCAGG3DH038289,LP14SN3089,BMW,Toyota Camry,2000,360
WP0CA2A84EK924074,CF79MG6446,Cadillac,Subaru Outback,1998,185
1C3CDFCB1ED176304,LN66YD3614,Tesla,Jeep Wrangler,1989,285
JN1AV7AP3FM349071,OI17ZJ9545,Jeep,Volkswagen Golf,1957,207
5FNRL5H22DB416415,CQ21OE0334,Nissan,Chevrolet Silverado,1997,313
1N6AF0KY6FN374711,JN90TB0024,Chevrolet,Ford Mustang,2008,35
WP0CA2A87EK523831,AT04TR2507,Honda,BMW 3 Series,2000,115
2C3CDYCJXEH198629,YS16FQ7177,Subaru,Toyota Camry,1991,214
WBSBL93486P556469,AL17GP2170,Audi,Toyota Camry,2005,124
3C63DPALXCG519647,IQ38QF8367,Audi,Honda Civic,2009,28
1GYS3GKJ1FR731081,NW11KH0574,Chrysler,Audi A4,2002,64
JA4AD2A34EZ960951,EP76YF1718,Subaru,BMW 3 Series,1999,186
WAUAH68D01A625059,WT81AZ3434,Tesla,Volkswagen Golf,2012,130
3C4PDDGG4FT292065,KT89WQ3629,Cadillac,Honda Civic,1984,382
WBAGL634X3D049546,DK31LQ8585,Kia,Mercedes-Benz C-Class,1997,57
2T1BU4EE3CC664473,TB10LW1874,Subaru,Ford Mustang,2008,253
19XFA1E52AE073641,HG71VH3296,Honda,Jeep Wrangler,2010,188
1D7RB1GT1BS763147,FT99OI5450,Chrysler,Volkswagen Golf,1968,221
JTDKN3DP0C3726737,ID76PH7802,Mercedes-Benz,Toyota Camry,1998,341
1FTEW1C85AK549918,JX14WN7110,Honda,Toyota Camry,2011,189
WBAVT13586K937506,ND99LQ4714,GMC,Mercedes-Benz C-Class,2006,132
WAUAF98E36A819351,ON54YE8644,Cadillac,Audi A4,1984,385
19XFB4F24DE684956,DU15EJ6731,Subaru,Honda Civic,2009,102
5FPYK1F60EB385526,LZ08PO0688,Kia,Subaru Outback,1997,374
JN8AZ1MU3AW150121,BV13RA4544,Audi,Mercedes-Benz C-Class,2009,174
19XFB4F38EE811380,UH76VE5964,Hyundai,Subaru Outback,1996,373
2G4GT5GK7C9390496,FA26AV5468,Chrysler,Chevrolet Silverado,2000,36
WAUWFAFR1DA254740,YK21HE7763,Mazda,Ford Mustang,1998,153
2G4WB52K431526099,TI72QJ8760,Tesla,Mercedes-Benz C-Class,1999,115
5FNYF3H42EB791344,GR66IE6744,Chrysler,Toyota Camry,1990,369
1GYFK63817R571196,LY26AY8871,Subaru,Subaru Outback,1994,247
WBA3B1G59EN445889,VI47GF7978,Kia,Honda Civic,2000,207
JM1NC2JF0E0445163,PJ53MQ9811,GMC,Audi A4,2000,286
1G6KD57949U299080,YV66ZX9358,Nissan,Jeep Wrangler,2008,94
WAULF98K69N242603,PN65WD1680,BMW,Subaru Outback,2000,304
1N4AL3AP9DC316645,QT74ZN0737,Kia,Volkswagen Golf,1989,9
WAUSG94F39N403572,AT23AE9936,BMW,Audi A4,1984,265
3C6TD5FT0CG791850,SG59HK1099,Jeep,Mercedes-Benz C-Class,2000,187
5N1AR2MMXEC930167,TK58MK3975,Honda,Chevrolet Silverado,1993,227
1G6DK8ED1B0878855,PC11ZF8461,Kia,Audi A4,1999,9
WBADX7C54DE976088,PP14MD7401,Cadillac,BMW 3 Series,1993,249
5J8TB1H21CA114592,AA46BY7526,Honda,Volkswagen Golf,1997,213
1FTSW2A51AE971734,MB49ZF7798,Volkswagen,Audi A4,2011,251
1FBNE3BL3ED956221,YL82NF7924,GMC,Jeep Wrangler,2008,17
WAUAH94F68N188986,IP03ZN0743,Nissan,Mercedes-Benz C-Class,1997,230
SCBBR9ZA1BC695284,UF59GU7765,Chevrolet,Volkswagen Golf,1992,353
19XFB2F52DE399123,WU32CF4946,Lexus,Chevrolet Silverado,2007,357
1C3CDZBG6DN218862,FK75KD5893,Hyundai,Mercedes-Benz C-Class,2011,376
JTHBP5C24B5243720,GD84KK8992,Volkswagen,Audi A4,2004,173
1G6DX67D680958793,IF58BH1715,Chrysler,Volkswagen Golf,2006,94
WAUHFAFL2AA480656,SW60XS9476,Chrysler,Audi A4,1981,173
WAULH54B91N024720,VI58OK3476,Chrysler,Chevrolet Silverado,2011,227
WA1LGBFE7CD795871,XV33DU3085,Volkswagen,Jeep Wrangler,1986,331
2HNYD28307H496838,PE92YC0753,Hyundai,Mercedes-Benz C-Class,1989,172
2C3CCACG4CH747768,CK27AE0916,Cadillac,Ford Mustang,2001,332
3N6CM0KN5EK643418,LK43YB6526,Hyundai,Subaru Outback,2004,277
WBAPK5C53AA971788,OZ86EN5814,Lexus,Honda Civic,2006,196
19UUA8F21AA181628,GO14WX1288,Cadillac,Jeep Wrangler,1993,132
1G4HP57296U088286,SF87YD5335,Tesla,Toyota Camry,2010,15
2T1BU4EE1BC396506,MP78LO8016,GMC,Audi A4,2008,216
1G6DA8E56D0964886,UI37KG4417,Toyota,Audi A4,2009,47
3FAHP0CGXCR718835,GE71UH4842,Jeep,Honda Civic,2006,16
WDDEJ7GB4DA334573,DA55OR9271,Mazda,Ford Mustang,2002,66
19UUA8F28DA658608,OY14HY3370,Chevrolet,Audi A4,2006,356
WA1AGAFE4CD273698,ZA26FS9118,Mercedes-Benz,Honda Civic,1993,382
JN1AZ4EH8CM756207,LB93UD7002,GMC,Audi A4,2011,388
2G4GS5EV9C9057524,NN54OY5106,Chevrolet,Chevrolet Silverado,2000,186
WAUXD68DX1A112519,FJ08SM7916,Audi,Chevrolet Silverado,2009,153
WAUDT48H76K975745,KI20FA6956,Cadillac,Chevrolet Silverado,2008,180
1FTWF3A53AE600792,SY92DH8368,Mercedes-Benz,Jeep Wrangler,1994,281
3C4PDCBB6FT964908,HH06ND7896,Cadillac,Jeep Wrangler,1987,8
1FBNE3BL9BD288162,FB75WR8840,Chevrolet,Subaru Outback,2005,322
1G4PT5SV3F4739291,SU90JR9195,Volvo,Audi A4,1972,99
5FRYD3H66GB850517,NB15VG4531,Volkswagen,Audi A4,2004,178
1G6AH5SXXE0195720,XG79TR6691,Honda,Jeep Wrangler,2001,368
3FADP0L39AR286683,SE24GL4109,Tesla,Ford Mustang,1987,309
1FTEW1CM3CF154628,QM21AG3725,Kia,Mercedes-Benz C-Class,2004,392
WBAUP9C50BV519710,BZ94TA2908,Nissan,Toyota Camry,2010,372
1C3BCBEB6DN542495,EE02CO2973,Jeep,Chevrolet Silverado,1988,242
1FTWX3D52AE191614,DV43SF7167,GMC,Honda Civic,2004,304
1G6DP577260010358,YH54AL1776,Jeep,Jeep Wrangler,1996,200
WA1AY94LX9D593467,EG27ZM9761,Chevrolet,Toyota Camry,1990,202
1G6DM8EGXA0639310,CD04UB8799,Tesla,Volkswagen Golf,2005,126
5TFCW5F17BX918332,TO62NY1561,Ford,Honda Civic,1988,267
1GYFC13269R049999,BA18IZ3530,Honda,Toyota Camry,1994,189
1N6AA0CC7DN455389,IV23FB9973,Audi,Volkswagen Golf,2005,324
1GYEC63818R563092,VG06LN8519,Chrysler,Mercedes-Benz C-Class,1993,20
JN8AZ1MU1CW400636,JN59OL5844,Chevrolet,Volkswagen Golf,1958,160
JH4CU2E89CC742412,LV61KW1215,Tesla,Jeep Wrangler,1994,311
JN1AZ4EH5CM415749,AS23KK5011,Nissan,Chevrolet Silverado,2008,233
3C4PDDDG5CT305177,KW23SB0994,Volkswagen,Jeep Wrangler,2008,279
1FTNF1E8XAK754244,VU18NR4663,Hyundai,BMW 3 Series,1989,182
2HNYD18606H967759,WA03BW7426,Toyota,BMW 3 Series,2012,174
JH4DC53856S003544,JZ73YH8335,Nissan,Mercedes-Benz C-Class,2009,399
1G6AR5S34F0382849,IR14RF6051,Mercedes-Benz,BMW 3 Series,1995,70
JH4CU2F65BC304725,GJ67CV1765,Kia,Subaru Outback,2007,130
WAUJFAFH0DN925504,KV47IM3876,Nissan,Subaru Outback,1982,216
1N6AA0EC6FN724935,HJ10AL9580,Toyota,Jeep Wrangler,2007,81
1G6DU6ED5B0306783,YZ83WA6420,Chrysler,Chevrolet Silverado,2001,93
1FMJU1G58AE744829,NI77HH7590,Nissan,Mercedes-Benz C-Class,2001,180
1GYUKDEF2AR145161,DC02IJ8724,Kia,BMW 3 Series,2007,256
3VWF17AT6FM547222,CY86JD4426,Chevrolet,Honda Civic,2000,328
1G6AF5SX5D0235870,TQ99EF4638,Mercedes-Benz,Jeep Wrangler,1995,224
4T3BA3BB1FU248283,RR86QM6968,Chevrolet,Ford Mustang,2009,188
3VWML7AJ0DM665151,ZH98BJ4037,Toyota,Audi A4,2011,365
19XFA1E84AE558082,RU18VB4094,GMC,Honda Civic,2012,243
1HGCP2E30CA910674,FY22IY7007,Nissan,Jeep Wrangler,2008,385
5FNRL5H25CB954279,AR13FS8563,GMC,Honda Civic,2006,226
2T3BFREV7FW929462,SM44QI6705,Lexus,Chevrolet Silverado,1994,6
2HNYD2H47CH469851,NM90FK5832,Nissan,Mercedes-Benz C-Class,2005,159
JM3TB2CV9F0957060,GL96EO9379,BMW,BMW 3 Series,1996,120
1G4GA5GC4BF441439,BX28SX5188,Cadillac,BMW 3 Series,2009,16
WAUZL54B91N629460,KZ08QY7630,Subaru,Mercedes-Benz C-Class,1996,346
5UXFG43549L711392,SC28WD0737,Mercedes-Benz,Toyota Camry,2003,110
WAUEH78E46A818449,EP12KT0428,Mazda,Honda Civic,2012,262
1GD020CG0CF049263,XZ60FE3369,BMW,BMW 3 Series,1994,123
WVGFF9BP5BD310840,HP46HR9135,Subaru,Audi A4,2012,188
1G6DH8EY8B0832585,KY29JM1334,Chrysler,Ford Mustang,2001,234
5TDBM5G14BS329521,MZ90RT7153,Audi,Subaru Outback,1998,185
3CZRE3H34AG441257,ZB70ZG4715,Cadillac,BMW 3 Series,1997,248
5N1AN0NW5DN077003,HQ41AS8242,Chevrolet,Jeep Wrangler,1989,199
1G6AZ5SX3E0380981,MH22DG2297,Mazda,Volkswagen Golf,2012,209
3FADP4AJ5BM616925,GP99OG5022,Jeep,Jeep Wrangler,2011,365
1FTEX1CM9BF983280,KV25XU5148,Tesla,Mercedes-Benz C-Class,1998,248
WA1DMAFP1EA618228,FN93FW7033,Cadillac,Toyota Camry,1983,62
1GYS3JEF6CR741895,IJ08MV6310,Chevrolet,BMW 3 Series,2004,345
WAUEFAFL8BN988420,KF46NV7175,Volkswagen,Ford Mustang,2003,227
WBAVM1C51FV461319,BB10WG6035,Tesla,Ford Mustang,2007,375
JA4AS2AWXBU384744,OP96ZL9799,Mercedes-Benz,Volkswagen Golf,2011,27
1N6AD0CU2FN784505,ZI10SI4277,Ford,Subaru Outback,2003,372
5J6TF1H34EL008781,KK17OO1829,Volvo,Toyota Camry,1987,132
JN1CV6EK0BM907454,SL48FN4094,Jeep,Audi A4,2013,263
JTDKDTB32C1419424,MI70ZH8610,Subaru,Audi A4,1985,251
WAUBH54B91N473309,WU35TQ7733,Chrysler,Audi A4,2001,388
3C4PDCEG3FT340314,NC87JW6238,Tesla,Mercedes-Benz C-Class,2006,381
5N1AN0NU4EN788255,VK30MI4837,Mercedes-Benz,Jeep Wrangler,1999,133
KMHTC6AD0DU276889,FD31AU4730,Jeep,BMW 3 Series,2001,161
1G6DC8EGXA0080697,CD75NE2920,Kia,Subaru Outback,2001,221
WAURMAFD4EN490803,ZX30LO8311,Honda,Audi A4,2001,273
1D7RW3GK3AS750986,DH42WL2992,Volvo,Ford Mustang,2011,188
1G6DV5EP2E0671119,PW46XQ4530,GMC,Toyota Camry,2006,150
3C6JD6BP6CG785587,VL36HY7503,Tesla,Ford Mustang,2009,219
1FTEW1E89AF089054,UY27UN8235,Volkswagen,Ford Mustang,2012,258
1GD422CG6EF066018,HJ16KR1759,Ford,Subaru Outback,1999,13
19UUB2F52FA313842,ZG55WW6405,Mercedes-Benz,Ford Mustang,2005,373
1GD312CG6DF446683,SW81RN3492,Nissan,Honda Civic,2008,13
JN1AZ4EH8AM928555,ZP69ZB5433,Toyota,Mercedes-Benz C-Class,2006,221
1C3CDZAB8EN820184,GM05WN2886,Chevrolet,Toyota Camry,1996,210
WBAEN33432E218556,UI61XS9009,Mercedes-Benz,BMW 3 Series,1994,169
1FMJK1F54BE635549,VI44QA2570,Subaru,Jeep Wrangler,1996,164
1GYS3FEJ0BR843340,UN27JI2594,Volkswagen,BMW 3 Series,1995,216
1G6DJ5E3XC0019175,LA01GP5325,Mercedes-Benz,Jeep Wrangler,1985,329
1D7CW2BKXAS382040,IZ30BA1486,Jeep,Honda Civic,2000,365
1FMJK1G53AE340147,IC83SI6655,Volvo,Chevrolet Silverado,1990,321
WBAVD135X6K335204,HS87WT9405,Mercedes-Benz,Chevrolet Silverado,2000,155
WA1YL54B44N087939,GM88RE2269,Volvo,Subaru Outback,1985,228
WBA5A7C58FG111704,MB89FZ6107,Nissan,Mercedes-Benz C-Class,2009,206
WAUPL58E24A895569,FR08ZI1115,Nissan,BMW 3 Series,1992,320
1C3CCBCG9DN064320,YM68PD9621,Chevrolet,Audi A4,2012,121
1FTWW3B55AE202272,JL31EW3691,Subaru,Volkswagen Golf,2007,42
WAUEH48H78K175648,JE25IS6621,GMC,Chevrolet Silverado,2002,140
2G4WD582481917794,ZE33EY7423,Jeep,Jeep Wrangler,1988,99
WAU3MAFD8FN920730,PV54LK3665,Subaru,Ford Mustang,1988,27
1N6AA0CCXBN577824,AQ14YM5222,Lexus,Toyota Camry,2010,397
3VW1K7AJ4DM478811,ES43CO8214,Nissan,Mercedes-Benz C-Class,2006,372
WBALZ5C55CC594964,BG22NV3909,GMC,Honda Civic,1999,23
JH4DC54814S664435,UX39WR3961,Tesla,Chevrolet Silverado,1994,268
1G6AH1RX6F0555128,XO04FU8552,Kia,Subaru Outback,1996,325
5FPYK1F40CB568257,OT14TW9906,Volvo,Chevrolet Silverado,2010,301
5J8TB4H31DL731166,WY06OK7233,Mazda,Audi A4,1990,132
1GYUKDEF4AR642695,HU90QA1538,Volkswagen,Jeep Wrangler,1986,354
1G4HP52K054432772,MY69DU5654,Mazda,Toyota Camry,2000,209
SAJWA0E79D8617189,AR70DM7755,Ford,Chevrolet Silverado,1992,279
1FMCU5K38AK135280,LZ31MK9140,Tesla,Ford Mustang,2001,80
WAUDGBFL2CA649532,OL23UX4071,Honda,Ford Mustang,1994,280
WBAVC53517F559367,UZ52DZ5121,Volkswagen,Honda Civic,2004,235
WUAW2AFC5EN644800,HJ08GB4201,Tesla,Ford Mustang,1997,385
5N1AA0NC7AN468568,NG98GB4389,Cadillac,Toyota Camry,1999,210
3C4PDDDG5DT940451,TZ39FW4248,GMC,Chevrolet Silverado,1997,198
WAUEFAFLXCA163441,FN06FO5169,Audi,Audi A4,1997,27
WAUKF68E75A088442,DH25VZ5124,Cadillac,Chevrolet Silverado,2005,269
SALAC2D40AA826517,VD86NH0255,Mazda,Honda Civic,1992,115
JM1BL1K55B1595097,NQ28DO8837,GMC,Mercedes-Benz C-Class,2007,329
KMHCT4AE7FU238110,IH01BH7764,Volkswagen,Toyota Camry,2010,218
1FA6P0G70E5170383,NQ13ZQ1348,Nissan,Chevrolet Silverado,2009,301
WA1WYAFE7AD758529,LY91TN4562,Cadillac,Jeep Wrangler,1985,115
JTDJTUD38DD182035,PF33GV8586,Toyota,Volkswagen Golf,2006,122
1D7RW5GK1BS408725,EO81MY4458,Chevrolet,Subaru Outback,2003,199
3GYFNCEY6AS610209,IV95GE1751,GMC,Honda Civic,2006,258
JN8AF5MR7DT114904,CK14QM5488,Nissan,Toyota Camry,2007,115
5NPDH4AE6EH050830,XF61DB9325,Lexus,Ford Mustang,2004,36
5NPDH4AE4CH923214,NM74GK9162,BMW,Chevrolet Silverado,2011,74
2C4RDGAG5CR532094,NZ62IY3320,Kia,Toyota Camry,1992,222
WBAVB73598F148329,YV96XJ3552,Honda,Jeep Wrangler,2005,191
1FAHP2D88EG083837,FS79QU4347,Toyota,Volkswagen Golf,1997,238
WBSWD93589P485818,BJ63FS5368,Subaru,Toyota Camry,1992,360
SCBCP7ZA1AC678871,UE61AM2265,Cadillac,Jeep Wrangler,1996,228
JTEBU5JR3C5222025,PN60XM6331,Cadillac,Toyota Camry,1984,270
KMHHT6KD7DU775919,GF38EG1392,Lexus,Jeep Wrangler,2002,174
1G6AM5SX3E0825430,KA11OT5698,Lexus,Chevrolet Silverado,1997,245
3GYFNEE32DS723417,MN75TU7203,Jeep,Toyota Camry,1997,38
1D7CW5GK6AS954151,FX95EP8747,Kia,Chevrolet Silverado,2003,135
1G4GL5E3XCF872219,QB89RR0723,Chrysler,BMW 3 Series,1996,47
2C3CDYBT5EH298592,OB36NM8644,Volkswagen,BMW 3 Series,1996,160
3D73M4CL8AG996388,QR05LY0527,Mazda,Jeep Wrangler,2001,261
WAUBF78E68A551472,TQ61JY0174,BMW,Ford Mustang,2010,64
1GYS4KEF4CR200668,AG06EB3136,GMC,Toyota Camry,1991,65
2G4GY5GV8B9015047,OE42WG2539,Honda,Jeep Wrangler,2001,77
WAUEKAFB8BN577909,BN72SN9664,BMW,Ford Mustang,1999,361
2HNYD18983H273598,VY51AZ6596,Mercedes-Benz,Honda Civic,1977,316
1GYS4JEF9BR966288,QH14AY1828,Ford,Volkswagen Golf,2006,344
1LNHL9FT1FG348238,OP43EO4732,Ford,BMW 3 Series,1988,112
WAUGVAFR4CA795173,YS18VA0857,Kia,Toyota Camry,1996,305
WBAFR9C56DC198290,ET22CX4698,Mazda,Ford Mustang,2001,166
WAUKD98P46A583465,RC15MM9271,GMC,BMW 3 Series,1995,262
2C3CDYAG2DH279131,HQ52JS6398,Hyundai,BMW 3 Series,2011,199
JH4CU4F43AC742653,XA85TW3508,Jeep,Chevrolet Silverado,1992,108
3C63DRGL4CG556857,YS76EM9762,Hyundai,Chevrolet Silverado,1999,105
WBAYM1C52FD137508,PC01VD0980,GMC,Mercedes-Benz C-Class,1983,254
3N6CM0KN5FK289434,SA22RV3637,Nissan,Ford Mustang,2001,119
JTJBC1BA2E2300904,QR45XD2220,Chrysler,Audi A4,2012,324
JM1NC2EF1A0479004,IU25CC8854,Tesla,Ford Mustang,1989,362
WVGAV7AX7BW325976,UP36JX5495,Nissan,Mercedes-Benz C-Class,2001,235
WBANB53507C476792,DA89QU9118,Mercedes-Benz,Jeep Wrangler,1996,163
JM1CW2BL9C0128742,FH81LX5733,Hyundai,Ford Mustang,2008,154
JH4KB16338C449904,ZX54DP1287,Tesla,Audi A4,2003,53
3GTU2YEJ3CG483544,DL19NZ1998,Volkswagen,Ford Mustang,1979,296
1FTNF2B51AE716237,SM34FF6612,Chevrolet,Chevrolet Silverado,2004,301
KNAGM4AD3F5383162,TS84QX7057,Subaru,Jeep Wrangler,2002,241
WAUJFAFH5CN923780,ZW48WW6364,Jeep,Honda Civic,1985,373
TRUWC28N711563349,MY83TI5755,Volkswagen,Toyota Camry,1990,154
WDDHF2EB7CA837002,FS92ZI8096,Chrysler,Jeep Wrangler,2006,370
5UXWX5C54BL076296,LC63VP5860,Mercedes-Benz,Chevrolet Silverado,1996,231
1GYS4RKJ1FR119861,VS64XL1458,BMW,BMW 3 Series,1995,371
SAJWA4GC8EM316374,GB80QZ7721,Chrysler,Toyota Camry,1985,98
JTDJTUD38DD593709,HJ27KY1658,BMW,Mercedes-Benz C-Class,1995,300
1G4GF5G30EF718030,JB14BN0810,Nissan,Mercedes-Benz C-Class,2003,312
JN8AZ2KR2ET240176,NJ47VL6523,Honda,BMW 3 Series,2009,157
1GD02ZCGXDF721867,DF62AA6025,Toyota,Mercedes-Benz C-Class,2013,337
WUAW2AFC6FN146090,DF87YL3531,Subaru,Subaru Outback,2004,145
WBAPH73569A135527,NY07OY8378,Toyota,Ford Mustang,2004,294
5NPDH4AE1CH556837,SP27YM3861,Toyota,Volkswagen Golf,1988,7
WAUPFBFM2BA362411,WB18VW4117,Mercedes-Benz,Honda Civic,1992,257
3C63DRNL1CG290944,GZ35DV4785,Audi,Toyota Camry,2011,336
YV4852CZ8B1709425,AL52WU8447,Cadillac,Honda Civic,2011,390
JN1AZ4EH7CM711520,PM19ZR7749,Nissan,BMW 3 Series,1997,370
1D4PU5GK7BW913865,UI22GJ3665,Volkswagen,Volkswagen Golf,1999,164
2G4GL5EX1F9792260,FN75XY4456,Cadillac,Honda Civic,1988,159
KMHHT6KD2CU861301,EB96VP6587,GMC,Subaru Outback,1998,65
SCBDR33WX8C598829,YB65ZA0400,Ford,Audi A4,1992,266
WAUEH94F66N188419,XZ10HC7586,Audi,Volkswagen Golf,2000,269
JTDKDTB36E1143056,NA68BW7925,Cadillac,BMW 3 Series,2006,391
1GKS1AEC9FR356129,NL83TU7595,Mercedes-Benz,Chevrolet Silverado,2003,270
1N4AL2AP5BC555343,TP01DD5107,Tesla,BMW 3 Series,1999,173
WAUJT64B44N612704,ZC62HS0278,BMW,BMW 3 Series,1997,157
WAU2GAFCXDN055458,MK80UI1887,Mercedes-Benz,BMW 3 Series,2013,73
3N1AB7AP9FY737427,YX74DM5528,Nissan,BMW 3 Series,2002,279
TRUWT28N531715860,TW74KT9710,Audi,Honda Civic,2011,39
WBA5A5C50FD683551,BC59YB9830,Mercedes-Benz,Toyota Camry,2000,289
1FBSS3BL1AD467757,KC11AS9439,Tesla,Toyota Camry,2006,295
JHMFB4F20CS615319,LI82TM4424,Chevrolet,Audi A4,2005,81
WBAAN37461N887475,LQ29FD9842,Jeep,Mercedes-Benz C-Class,2006,20
WBAEU33455P586118,SS14OJ9776,Volvo,Ford Mustang,2003,304
JTDZN3EU4EJ824378,LW56HI9734,Chevrolet,Volkswagen Golf,2003,370
SAJWA6E74E8814369,AK95PA3600,Honda,Toyota Camry,1992,188
1C3ADEAZ5DV755662,HH01YE4769,Mercedes-Benz,Mercedes-Benz C-Class,2011,118
1FBNE3BLXAD771660,OT66NL8422,Tesla,Honda Civic,1993,73
WBAEJ13472A728481,ZT37LN3502,Chrysler,Chevrolet Silverado,1989,93
1G6DP567050988180,OZ54JL7243,Ford,Mercedes-Benz C-Class,2001,372
WBAEV33462P547319,YL72TO3788,Volvo,Toyota Camry,2006,152
3VW1K7AJ7CM237033,KA30OK5400,Jeep,Honda Civic,1972,281
JM1DE1KY7C0658155,XZ58VS6952,Honda,Ford Mustang,2002,256
1G6DE1E3XE0567094,DU96WX0288,Ford,Honda Civic,1971,212
5N1AA0NC2FN441060,BL67CD5322,Volvo,Ford Mustang,1997,229
WA1WYAFE7AD725532,UX85RK9343,Volkswagen,Volkswagen Golf,2003,116
4T3BK3BB7FU041636,GR71FY1620,Subaru,Audi A4,2005,176
3GYFK66N15G140713,MM04XB2854,Ford,Subaru Outback,2004,142
SALFR2BNXAH874811,GS74FS1183,Audi,Toyota Camry,1970,166
WBAWL13558P156243,ZF18JH2956,Volkswagen,Chevrolet Silverado,2002,250
2G4WB55K241334340,ZM31VG2460,Kia,Chevrolet Silverado,1966,68
4JGDF2EE0EA995537,US31FC0015,Audi,Honda Civic,2008,362
JM1BL1L35C1813036,BA86AK3800,Cadillac,Toyota Camry,2004,102
1G6AZ5SX0E0004545,XT68TO1780,Toyota,Jeep Wrangler,2001,307
WAULC68E74A032495,CU88CJ9047,Nissan,Jeep Wrangler,2000,169
3D7TT2CT8BG558317,CT88MT1458,Mazda,Subaru Outback,1988,273
WAUBFCFL8CA969325,FY25BV5196,Tesla,Volkswagen Golf,1995,132
WAUDFAFL1BN971101,FL57TD8976,Cadillac,Honda Civic,2006,76
19UUA65645A411693,JQ27KJ9748,Chrysler,Toyota Camry,1995,129
1FA6P0G79E5193449,BT16JU3790,Subaru,Toyota Camry,2007,152
WVWAB7AJ8CW192803,VW31WT3534,Audi,BMW 3 Series,2000,359
2T1BURHE6EC370447,LQ05FR3441,Kia,Volkswagen Golf,1991,378
JN1AZ4EHXFM598828,BO61TD4136,BMW,Volkswagen Golf,2008,324
JN1AZ4EH8EM017065,MT05BQ5969,Lexus,Mercedes-Benz C-Class,2008,242
JN8AZ1MU4CW474214,EF85DW2566,Audi,Audi A4,2001,205
KNAFU6A29A5837753,QF71ZL9369,Subaru,Mercedes-Benz C-Class,2011,76
WBAPH77559N392102,YY40QS7125,BMW,Volkswagen Golf,1984,180
4A31K5DFXCE472124,NY29KB8458,Subaru,Subaru Outback,1997,58
1FMJK1J51AE989261,NK89CM9037,Volkswagen,Subaru Outback,2003,307
WA1DMAFP1EA213485,JF21MF9789,Audi,Toyota Camry,2009,373
WAUHF98P08A840998,RK97YQ3571,Jeep,Chevrolet Silverado,2007,292
WAUVC68EX5A858445,JC01AF0651,Lexus,Chevrolet Silverado,1998,202
WAUPL68E64A652224,IL72BQ9825,Jeep,BMW 3 Series,1997,137
WVGAV7AX6BW021876,ML29EC8159,Subaru,BMW 3 Series,1994,379
5UXFA53593L942304,LR54TS2601,Mazda,BMW 3 Series,2005,392
WAUFFBFL3DN795671,TH95PG0145,Chevrolet,Chevrolet Silverado,2003,234
2LMDJ8JK9FB048147,QV74TW9959,Hyundai,BMW 3 Series,1999,27
1G4PR5SK0E4536135,NB16HO4833,Toyota,Honda Civic,2005,369
5N1AR2MM8DC044833,QM84UC9364,Subaru,Ford Mustang,2003,74
WBA3B5C50FF695983,NJ51WA4185,Cadillac,Chevrolet Silverado,1985,180
1FTEX1CM8BF719578,ZE70NL9024,Chrysler,Jeep Wrangler,2010,109
1B3CB4HA8AD746414,WC14OD3775,Chrysler,Volkswagen Golf,2006,84
5TFAW5F11EX325934,FK25OC8083,Lexus,Honda Civic,1996,281
WAULD64B32N663923,LA98OM0989,Audi,Audi A4,2006,334
WAUHF98P16A420471,DB86ZI2958,Lexus,Toyota Camry,2001,306
TRUWT28N731783562,AN49NO0260,Subaru,Jeep Wrangler,1999,148
WAUXL68E14A938143,RE35CK3644,Jeep,Toyota Camry,1989,337
1G6DJ8EY4B0031835,RH02PF1338,Volvo,BMW 3 Series,2011,155
WBAWB73567P842828,YL21WC4209,BMW,Mercedes-Benz C-Class,1981,294
WA1LGAFE8BD096824,QT21IA4728,Mazda,Jeep Wrangler,2003,116
1GYS4EEJ6CR478820,UJ94SR3651,Chevrolet,Audi A4,1992,57
JH4KB16387C845647,VS12PM6625,Jeep,Ford Mustang,2006,207
1FAHP2DW3AG605721,BL83SO7038,Jeep,Subaru Outback,2006,36
1FTEW1E83AF640157,GK22JG2018,Volvo,Honda Civic,2010,57
5FPYK1F28BB348250,EB62XF3190,Ford,Toyota Camry,2006,63
1C4RDHEG1CC287948,HY64HQ0356,Mercedes-Benz,Chevrolet Silverado,2004,208
1G6KD57946U913492,VV42JY8559,Mazda,Honda Civic,2010,97
WAUUL78E67A100168,VY22WR6615,Kia,Mercedes-Benz C-Class,2005,296
SCBLE47K48C722808,UZ43AW0851,Honda,BMW 3 Series,2002,108
WAUAVAFDXBN102804,FM04HK8120,Honda,Ford Mustang,2008,180
YV1940AS7B1776533,XO01MR0254,Toyota,Toyota Camry,2010,384
19UUA9F72DA454582,DN21GE5940,BMW,Honda Civic,2003,297
JTHFE2C26F2991527,JQ64WO9902,Audi,Ford Mustang,1994,219
KNDJT2A53D7395824,HX70VZ0673,Kia,Chevrolet Silverado,2007,250
WAUAH98EX8A023242,MZ18IR1282,Audi,Toyota Camry,1993,23
1G4GA5GRXDF757046,EK18EE5955,BMW,Subaru Outback,2010,351
1G6AG5RX9F0211979,KQ89WS7455,Chevrolet,Mercedes-Benz C-Class,1973,100
19UUA66254A079287,GZ52ZZ3288,Mercedes-Benz,Audi A4,2003,125
JA32U2FU4FU562910,PI92LG2753,Mazda,Audi A4,1986,139
SCFAB22331K055227,HM67DE5528,Subaru,Honda Civic,1994,27
JN1AZ4EH9EM068719,CZ90XU3363,Jeep,Chevrolet Silverado,1999,248
JN1CV6EK0EM938160,YA65FC1705,Subaru,Chevrolet Silverado,1991,62
WP0CA2A86DS220327,JF84HZ0111,Mazda,Honda Civic,2011,95
JTEBU5JR3E5381470,LZ34BY7938,Tesla,Chevrolet Silverado,1993,280
1GYFC56219R015472,YU90DU6868,Lexus,Audi A4,1980,266
WAUBFAFL0EN698762,IB56BD2525,Audi,Subaru Outback,2001,204
19UUA56703A055404,IG91PP2765,Audi,Subaru Outback,2009,36
3N1AB6AP5CL090883,TA75YX6489,Lexus,Ford Mustang,2008,281
1GYS4DEF1ER415360,BK64PG4922,Ford,Audi A4,2006,313
1G6DL5EG1A0023237,IK89BB4781,Mercedes-Benz,Toyota Camry,2003,198
1FTEX1CM4BK431032,BC24TT1167,Subaru,Ford Mustang,2002,127
KNAGM4A70B5305247,BE20FZ5549,Chevrolet,Audi A4,2011,263
WA1LMBFE5AD531683,TV49UR2248,BMW,Mercedes-Benz C-Class,1995,311
1C4AJWAG8DL141063,PB37ZV0444,Subaru,Ford Mustang,2005,243
WAUXL58E85A434054,BY59XM2433,Toyota,BMW 3 Series,2005,193
WAUAKAFB1BN593528,AK62MC2764,GMC,Chevrolet Silverado,2011,399
TRUWT28N141763860,OY78YC7996,Volvo,Audi A4,2006,94
1FMCU0C76BK546179,QF41ZG2274,BMW,Volkswagen Golf,2006,370
1G6AF5S36D0374936,BN70CJ5963,Cadillac,Chevrolet Silverado,2010,117
JN1CV6FE6BM525034,OQ46YM5372,Mazda,BMW 3 Series,1984,194
KNDPB3A23C7613381,PD73ZI6405,Volkswagen,Jeep Wrangler,1995,261
4T1BF1FK9FU636726,XD33ZB7824,Chevrolet,Jeep Wrangler,1994,322
JN8AZ1MUXCW119922,IZ13PA8822,Audi,Subaru Outback,1997,27
2C3CDXHG6FH585879,RV86YA5448,Nissan,Audi A4,1995,12
WP0AA2A81EK451788,ST51SU8110,BMW,Subaru Outback,2011,14
JH4KA96631C913341,MD78MM9540,Tesla,Subaru Outback,1997,138
1FTWW3B59AE953939,QU77OK0135,Hyundai,Ford Mustang,2001,145
4T1BK1EB6FU715493,TS25LY4656,Lexus,Subaru Outback,2004,324
SALFR2BG0FH296288,EV96VC7320,Audi,Mercedes-Benz C-Class,1995,179
2C3CDXBG6CH101620,CZ74ER7294,Lexus,Volkswagen Golf,2004,331
SCFAB223X1K019146,MO52JF5362,Kia,BMW 3 Series,2006,143
1FMJK1JTXFE969760,HE65IP5239,Honda,BMW 3 Series,2001,327
WAUA2AFD3EN138265,IG67DB6733,Ford,Audi A4,1995,149
1GT3CZBG3AF088446,JN25XJ3716,Nissan,Toyota Camry,2008,390
5FRYD3H47GB297021,TP04RR9331,Jeep,Mercedes-Benz C-Class,2009,236
KNALN4D73F5497700,OT34TU3902,Audi,Audi A4,1999,156
WBANN73577C607719,OG33ZT7209,Chrysler,Ford Mustang,2011,130
WBABN33461J266626,KJ02GL3869,Lexus,Chevrolet Silverado,1989,141
KMHTC6AD0DU454817,ZP89GW6730,Subaru,Mercedes-Benz C-Class,2006,277
1GYS3BEF5ER597295,BZ20ZA8134,Tesla,Volkswagen Golf,2005,6
JN1AZ4FHXFM021215,ER15SE0505,Toyota,Toyota Camry,1999,385
WAU3VAFR0CA395965,UU10HA3804,Volkswagen,Subaru Outback,1988,290
JN1CV6EL1FM496421,UD26GY5096,Toyota,Jeep Wrangler,1995,363
WAUEH98EX8A872238,PJ91YW3623,Jeep,Subaru Outback,2012,138
1GD21ZCG4CZ516506,HO07UK9815,Volkswagen,Honda Civic,1993,255
SCFBB04B88G742228,VD52QQ5135,Kia,Honda Civic,2001,107
5N1AZ2MG7FN639528,MZ73NI3529,Audi,BMW 3 Series,2012,114
WAUGFBFC1EN215923,UA23AG3125,Chevrolet,Ford Mustang,1997,129
3GTU2YEJ7CG053290,JB08ZD2980,Toyota,Mercedes-Benz C-Class,1988,184
1N6AF0LY5EN985438,HJ08DB8271,Toyota,Ford Mustang,2003,240
1G6AB1RX0F0685195,PZ30MV0032,Volvo,Audi A4,1996,32
WBAFR9C53BD933315,VO92ZQ5777,Honda,Toyota Camry,2010,233
WA1CGAFE9FD230150,NX95GY7470,Nissan,Subaru Outback,1996,259
1G4GH5G36DF364720,UH38BQ0892,Tesla,Audi A4,2001,204
WAUDF98E16A601521,AU64DE1507,Audi,Toyota Camry,1978,114
SCFBB04B57G327995,RF04CC7878,Kia,Volkswagen Golf,2006,290
WBAUL7C59DV870070,PJ12CG5696,Chevrolet,Volkswagen Golf,2011,326
3FADP4AJ3EM212901,HB60EO0191,BMW,Toyota Camry,2010,295
1N4AL3AP1EC104100,HD48BB0062,Honda,Subaru Outback,1997,267
3D7JV1EP0BG115154,SE90QH4202,Volvo,Volkswagen Golf,1994,337
3C63D3HL9CG944761,NR27JG4303,Kia,Subaru Outback,2000,366
2G61N5S39D9914174,CD41NC4546,Audi,Chevrolet Silverado,2007,236
WBY2Z2C59FV202637,AD16PP3015,Kia,Honda Civic,2002,152
1GKUKFDJ8AR517937,RS97MW4899,Hyundai,Ford Mustang,2006,174
WAUEH98E57A340801,NX76UY3833,Nissan,Jeep Wrangler,2009,55
1D7RB1GT2BS148428,CT17WF4045,Subaru,Jeep Wrangler,2007,157
1G6KD54Y14U520882,XV04UK1218,Mercedes-Benz,Mercedes-Benz C-Class,1998,389
JM1GJ1U59F1657681,ZM37HW5279,Honda,Volkswagen Golf,2002,211
1C4SDHCT4DC512494,IP56UE7211,Honda,Ford Mustang,2009,48
1FA6P8AMXF5496979,UY59ZS0126,Cadillac,Volkswagen Golf,2009,18
2D4RN6DX5AR881968,UQ37AR8287,Audi,BMW 3 Series,1997,126
SALAC2D43AA627879,LN80EA3489,BMW,Ford Mustang,1994,199
KL4CJGSB3EB070776,FM58LD0674,Lexus,Chevrolet Silverado,2006,121
JN1AZ4FH2FM221666,AB52FV2428,Lexus,Jeep Wrangler,1999,115
2V4RW3DG6BR487556,WE45ZY1698,Chrysler,BMW 3 Series,1997,116
3VWJX7AJ4AM573236,PC29ZB8820,Kia,BMW 3 Series,1998,285
SAJWA1CB7BL433876,PR92XC5009,Mazda,Jeep Wrangler,2009,296
1FTWX3B55AE171814,ZL26SR3309,BMW,Mercedes-Benz C-Class,1995,308
2FMGK5B86EB863117,OE33YA0913,Chevrolet,Ford Mustang,1995,95
1N6AD0CW9FN451753,AQ63MF5829,Tesla,Chevrolet Silverado,2005,166
WAUAFAFCXCN928543,TI31AB4648,Mazda,Mercedes-Benz C-Class,2010,13
JTJBC1BA9B2205414,NN00JP5406,Nissan,Audi A4,2010,246
5TFCW5F13BX540834,YQ93AL4092,Jeep,Audi A4,2001,304
5NMSG3AB2AH588264,JJ75SX5834,Mazda,BMW 3 Series,1997,325
5GAKRBKD2DJ126226,LV02TR5308,Mazda,BMW 3 Series,2005,50
1GD022CG1CZ610905,HQ83EP7206,Volkswagen,Ford Mustang,2003,74
1GYS4PKJXFR269245,RA46YB6757,Honda,Audi A4,2011,135
WAUKF98E36A721926,PZ55VP5727,GMC,Mercedes-Benz C-Class,1997,192
2G4GV5GV8C9050343,JK15ZL4516,Toyota,Audi A4,2003,376
1FTWX3B59AE026601,UK46WC3055,Chevrolet,Audi A4,2002,188
ZHWGU6BZ4CL540401,YO77HD9069,GMC,Jeep Wrangler,1995,165
JTDBT4K3XB4801237,LL19GL2311,Chrysler,Chevrolet Silverado,2000,383
1G6KY549X2U900362,JK18NB9952,Tesla,Honda Civic,1995,172
WAUMGBFL9CA699859,UM94BN8834,BMW,Audi A4,2007,55
JTHFE2C22F2541888,UF21PE2535,Cadillac,BMW 3 Series,2008,351
WVWDB7AJ4EW744040,VF45YX5473,Honda,Honda Civic,1999,49
5FRYD4H94GB837779,KC05DP8508,Hyundai,Ford Mustang,2000,107
4T3BA3BB3CU164560,JE63FV0168,Nissan,Audi A4,2008,355
1FTSW3A56AE168066,UB14GX4171,Honda,Subaru Outback,2002,82
1FMJU1G51AE463326,OR58WY8655,Volvo,Subaru Outback,2005,130
5N1AN0NWXEN129372,RI03QY2026,GMC,Subaru Outback,2004,352
1G6KD579X6U260781,YR78QA5987,GMC,Jeep Wrangler,2011,215
WVWDB7AJ9EW700714,CA16IA2230,Lexus,BMW 3 Series,1995,187
JN1CV6ELXEM264544,MA96GJ8458,Mazda,Mercedes-Benz C-Class,2010,123
JHMFB4F21CS779677,MU06LC1044,Nissan,Volkswagen Golf,1992,133
WBA6A0C53FD547714,BC95PG0949,Lexus,Mercedes-Benz C-Class,2010,163
WDDGF4HB7CR758904,DM06GT9313,BMW,Honda Civic,1996,148
1GYS3DEF7BR029461,VH46OU5949,Cadillac,Honda Civic,1974,322
WBXPC9C49AW636166,ND11VK6553,Volkswagen,Toyota Camry,1997,316
1N6AD0CU5EN594809,MD59CB7360,Hyundai,Volkswagen Golf,2008,299
3VWPG3AG6AM192429,HZ74GF2728,Jeep,Audi A4,2010,105
WBAUN9C52AV515498,SX59HI0875,Mercedes-Benz,Jeep Wrangler,2010,92
WBAKG7C52DE582483,DP32UC6941,Volvo,Chevrolet Silverado,1999,33
JTDZN3EU6E3839730,PH85UG8227,Cadillac,Ford Mustang,1996,68
JTEBU5JR2B5338847,HX14LM8017,Mazda,Jeep Wrangler,2012,345
1GYS4FEJ0CR370599,RE47JR9295,Mercedes-Benz,BMW 3 Series,2009,167
JHMFA3F25AS053167,ZY39HE4627,Volkswagen,Chevrolet Silverado,1994,183
WAUVT58E85A113025,EG82WS3539,Ford,Volkswagen Golf,2009,30
SAJWA4EC2EM551176,GW70GM2472,Chrysler,Mercedes-Benz C-Class,2005,97
5N1AN0NU7EN759347,OU16CF1917,Hyundai,Jeep Wrangler,1985,249
WBAEU33445P329810,XL76HP6221,Hyundai,Chevrolet Silverado,1988,277
WAUZL54B21N344874,FW61XM5555,Cadillac,Ford Mustang,1998,89
4T1BF3EK3BU396452,NQ22CF8039,Hyundai,Ford Mustang,2009,93
2C3CA4CD8AH316439,JL96XV6189,Volvo,Audi A4,1995,219
WAUML54D41N639258,RB38WR2218,Nissan,Honda Civic,1995,172
1HGCR2E36FA624035,IF02AL3891,Chevrolet,Chevrolet Silverado,2005,302
WVGAV7AX1FW144913,WW13FX7958,GMC,Chevrolet Silverado,2010,301
WAUAGAFD3DN444625,WB02OI7609,Lexus,Mercedes-Benz C-Class,2000,252
WBADX7C53DP426241,PN82IP6086,Honda,Jeep Wrangler,2008,141
19UUA8F20EA395452,YZ81UB4862,Toyota,Jeep Wrangler,1997,113
1D7CE2GK9AS852635,YD07YR0314,Chevrolet,Subaru Outback,2008,133
2G4WB52K811536356,VM68ZV5098,Cadillac,Ford Mustang,1984,21
WAUEH74F18N927073,PR08GM9411,Kia,Honda Civic,2003,99
1GD01ZCGXBF609523,ZK70GQ6711,Tesla,Ford Mustang,2005,234
WBA3T3C58F5020812,UU17NG7201,Mazda,Chevrolet Silverado,1999,400
WAUKF98E25A486689,EU28SA8866,Jeep,Chevrolet Silverado,1990,162
WA1EV94L38D884529,NU35JH5593,Volvo,Jeep Wrangler,2009,169
KM8JT3AB6CU992960,EC65EY0895,Honda,Ford Mustang,2002,26
3VWKP7AJ0DM784586,UJ03GK2707,Volkswagen,Volkswagen Golf,1999,329
WAUBVAFB9BN354482,PI82CI8009,Volvo,Ford Mustang,1992,120
4T1BK1EB1FU933034,HH55EW3251,Cadillac,Honda Civic,2002,368
4T1BD1EB9FU541509,SZ76NO0644,Tesla,Mercedes-Benz C-Class,2003,353
137FA84351E858016,IR00NF9593,Honda,Mercedes-Benz C-Class,1994,102
